{
  "posts": [
    {
      "id": 1,
      "title": "json-server",
      "author": "typicode"
    },
    {
      "id": 2,
      "title": "json-server1",
      "author": "typicode1"
    }
  ],
  "comments": [
    {
      "id": 1
    }
  ],
  "profile": [
    {
      "name": "typicode"
    },
    {
      "name": "typicode123"
    }
  ],
  "users": [
    {
      "id": 124,
      "username": "lavni",
      "password": "admin123"
    },
    {
      "id": 123456,
      "username": "manis",
      "password": "dm1234"
    },
    {
      "id": "126",
      "username": "priyanshu",
      "password": "dmj126"
    },
    {
      "id": "125",
      "username": "anuj",
      "password": "dmj123"
    },
    {
      "id": "135",
      "username": "dmj123",
      "password": "dmj123"
    }
  ]
}